PostExecTime, 1.403372528s
PostExecTime, 1.807526792s
PostExecTime, 2.376709913s
PostExecTime, 1.602525426s
PostExecTime, 4.829426596s
PostExecTime, 6.459292277s
PostExecTime, 5.246067366s
PostExecTime, 5.430265651s
PostExecTime, 4.633406653s
PostExecTime, 5.464136434s
PostExecTime, 5.776639401s
PostExecTime, 5.250100488s
PostExecTime, 5.085823475s
PostExecTime, 4.732799821s
PostExecTime, 5.057493086s
PostExecTime, 6.041065191s
PostExecTime, 6.335842409s
PostExecTime, 5.283901496s
